{
	"sources" : 
	[
		{
			"file" : "C:/Users/bucka/Documents/GitHub/Simon/SWI/4. semester/Algoritmy a datov\u00e9 struktury/Cvika/Ukol 5/List-master/cmake-build-debug/_deps/ioutils-subbuild/CMakeFiles/ioutils-populate"
		},
		{
			"file" : "C:/Users/bucka/Documents/GitHub/Simon/SWI/4. semester/Algoritmy a datov\u00e9 struktury/Cvika/Ukol 5/List-master/cmake-build-debug/_deps/ioutils-subbuild/CMakeFiles/ioutils-populate.rule"
		},
		{
			"file" : "C:/Users/bucka/Documents/GitHub/Simon/SWI/4. semester/Algoritmy a datov\u00e9 struktury/Cvika/Ukol 5/List-master/cmake-build-debug/_deps/ioutils-subbuild/CMakeFiles/ioutils-populate-complete.rule"
		},
		{
			"file" : "C:/Users/bucka/Documents/GitHub/Simon/SWI/4. semester/Algoritmy a datov\u00e9 struktury/Cvika/Ukol 5/List-master/cmake-build-debug/_deps/ioutils-subbuild/ioutils-populate-prefix/src/ioutils-populate-stamp/ioutils-populate-build.rule"
		},
		{
			"file" : "C:/Users/bucka/Documents/GitHub/Simon/SWI/4. semester/Algoritmy a datov\u00e9 struktury/Cvika/Ukol 5/List-master/cmake-build-debug/_deps/ioutils-subbuild/ioutils-populate-prefix/src/ioutils-populate-stamp/ioutils-populate-configure.rule"
		},
		{
			"file" : "C:/Users/bucka/Documents/GitHub/Simon/SWI/4. semester/Algoritmy a datov\u00e9 struktury/Cvika/Ukol 5/List-master/cmake-build-debug/_deps/ioutils-subbuild/ioutils-populate-prefix/src/ioutils-populate-stamp/ioutils-populate-download.rule"
		},
		{
			"file" : "C:/Users/bucka/Documents/GitHub/Simon/SWI/4. semester/Algoritmy a datov\u00e9 struktury/Cvika/Ukol 5/List-master/cmake-build-debug/_deps/ioutils-subbuild/ioutils-populate-prefix/src/ioutils-populate-stamp/ioutils-populate-install.rule"
		},
		{
			"file" : "C:/Users/bucka/Documents/GitHub/Simon/SWI/4. semester/Algoritmy a datov\u00e9 struktury/Cvika/Ukol 5/List-master/cmake-build-debug/_deps/ioutils-subbuild/ioutils-populate-prefix/src/ioutils-populate-stamp/ioutils-populate-mkdir.rule"
		},
		{
			"file" : "C:/Users/bucka/Documents/GitHub/Simon/SWI/4. semester/Algoritmy a datov\u00e9 struktury/Cvika/Ukol 5/List-master/cmake-build-debug/_deps/ioutils-subbuild/ioutils-populate-prefix/src/ioutils-populate-stamp/ioutils-populate-patch.rule"
		},
		{
			"file" : "C:/Users/bucka/Documents/GitHub/Simon/SWI/4. semester/Algoritmy a datov\u00e9 struktury/Cvika/Ukol 5/List-master/cmake-build-debug/_deps/ioutils-subbuild/ioutils-populate-prefix/src/ioutils-populate-stamp/ioutils-populate-test.rule"
		},
		{
			"file" : "C:/Users/bucka/Documents/GitHub/Simon/SWI/4. semester/Algoritmy a datov\u00e9 struktury/Cvika/Ukol 5/List-master/cmake-build-debug/_deps/ioutils-subbuild/ioutils-populate-prefix/src/ioutils-populate-stamp/ioutils-populate-update.rule"
		}
	],
	"target" : 
	{
		"labels" : 
		[
			"ioutils-populate"
		],
		"name" : "ioutils-populate"
	}
}